sample_id,score,y_member
TCGA-E2-A158-01A-11R-A12D-07,-0.8123162125224788,1
TCGA-AO-A1KO-01A-31R-A13Q-07,-1.2766500239769325,1
TCGA-AR-A0TX-01A-11R-A084-07,1.1470831219236812,0
TCGA-D8-A1XB-01A-11R-A14D-07,1.8290082342213854,1
TCGA-B6-A0IG-01A-11R-A034-07,-1.2988999033768023,1
TCGA-AC-A5EH-01A-11R-A28M-07,1.0245918342119111,1
TCGA-LL-A7SZ-01A-32R-A352-07,-4.822310219545468,1
TCGA-A7-A26J-01A-11R-A169-07,0.04855319774238254,1
TCGA-E9-A22H-01A-11R-A157-07,0.4614925369437062,1
TCGA-BH-A208-01A-11R-A157-07,-0.6058733117914379,1
TCGA-BH-A6R9-01A-21R-A32P-07,-0.7716815341979526,1
TCGA-OL-A5S0-01A-11R-A28M-07,-0.16875614734400735,1
TCGA-A1-A0SD-01A-11R-A115-07,1.715776141705991,1
TCGA-AO-A0JB-01A-11R-A32Y-07,-1.8510009717927343,1
TCGA-E2-A1BD-01A-11R-A12P-07,0.18060024127472207,1
TCGA-AN-A0AS-01A-11R-A00Z-07,0.4280831948670709,1
TCGA-A7-A13G-01A-11R-A13Q-07,-4.578822675409702,1
TCGA-B6-A0RS-01A-11R-A084-07,0.9836396552099922,1
TCGA-A2-A4S0-01A-21R-A266-07,-1.0231529195017819,0
TCGA-BH-A1F5-01A-12R-A13Q-07,-3.0848145191197176,1
TCGA-A2-A0CX-01A-21R-A00Z-07,1.5998684788267106,1
TCGA-A7-A13D-01A-13R-A12P-07,0.18746675191364126,0
TCGA-AN-A03Y-01A-21R-A00Z-07,-0.4558223499552332,1
TCGA-E9-A1ND-01A-11R-A144-07,1.2421411330482242,0
TCGA-EW-A1P5-01A-11R-A144-07,0.28038532918782266,1
TCGA-EW-A423-01A-11R-A24H-07,-2.6072668900065477,1
TCGA-A7-A5ZV-01A-11R-A28M-07,-1.0120026989626165,1
TCGA-C8-A8HP-01A-11R-A36F-07,-0.44950827153607875,1
TCGA-AQ-A54O-01A-11R-A266-07,-2.677259864063413,1
TCGA-E9-A5FK-01A-11R-A27Q-07,-2.578178671117218,1
TCGA-D8-A142-01A-11R-A115-07,2.1072751657061275,1
TCGA-BH-A0BC-01A-22R-A084-07,1.224677487025338,1
TCGA-A2-A0EY-01A-11R-A034-07,0.9349154178984787,1
TCGA-D8-A1J8-01A-11R-A13Q-07,-2.3631675479719485,1
TCGA-A8-A06Y-01A-21R-A00Z-07,-0.4415380746005919,0
TCGA-EW-A1J1-01A-11R-A13Q-07,-0.9932156962667484,1
TCGA-BH-A0C0-01A-21R-A056-07,0.05059755205015204,0
TCGA-AC-A2FK-01A-12R-A180-07,-0.18381045424267572,0
TCGA-A2-A3XV-01A-21R-A239-07,-4.35020074038159,0
TCGA-BH-A0HB-01A-11R-A056-07,-0.9117301282373731,1
TCGA-AN-A0XL-01A-11R-A10J-07,1.171062026599019,1
TCGA-E2-A10B-01A-11R-A10J-07,1.2119010573178164,1
TCGA-A2-A04X-01A-21R-A034-07,0.34831682925706886,1
TCGA-AR-A1AN-01A-11R-A12P-07,0.9721671268492535,1
TCGA-A2-A0EM-01A-11R-A034-07,1.0845952540752979,0
TCGA-B6-A0WS-01A-11R-A115-07,1.703172769418936,1
TCGA-D8-A1XD-01A-11R-A14D-07,-1.130051386281016,1
TCGA-A8-A091-01A-11R-A00Z-07,-1.0799263068411165,1
TCGA-E9-A2JS-01A-11R-A180-07,-0.0949663510156622,0
TCGA-A2-A1G1-01A-21R-A13Q-07,-0.7421276634717966,1
TCGA-E9-A22B-01A-11R-A157-07,-0.3180530133940893,0
TCGA-D8-A27G-01A-11R-A16F-07,1.974465970508973,1
TCGA-A7-A13E-01A-11R-A12P-07,0.33970868284620614,1
TCGA-BH-A0AY-01A-21R-A00Z-07,0.8098377771429615,0
TCGA-E2-A1L7-01A-11R-A144-07,0.28705522354742374,1
TCGA-AN-A046-01A-21R-A034-07,0.9528000359742048,0
TCGA-AN-A0AL-01A-11R-A00Z-07,0.44420776242113824,0
TCGA-D8-A27K-01A-11R-A16F-07,0.48110085679137526,1
TCGA-BH-A0DO-01B-11R-A12D-07,0.8368919070304033,0
TCGA-A7-A4SB-01A-21R-A266-07,-0.7274853220834245,0
TCGA-EW-A6SB-01A-12R-A32P-07,-0.527471657728384,1
TCGA-D8-A1JM-01A-11R-A13Q-07,-0.9124757679933246,1
TCGA-OL-A66J-01A-11R-A29R-07,-0.35900061626814583,1
TCGA-D8-A13Y-01A-11R-A115-07,-2.3117649251287444,1
TCGA-AR-A24N-01A-11R-A169-07,0.8560281498571536,1
TCGA-BH-A0B1-01A-12R-A056-07,0.18297557667344932,1
TCGA-B6-A0RN-01A-12R-A084-07,1.1858888370300802,1
TCGA-A2-A0T1-01A-21R-A084-07,1.2474791224803923,1
TCGA-AN-A0AM-01A-11R-A034-07,-0.09985249749918346,1
TCGA-E2-A1LA-01A-11R-A144-07,-0.3356265686113993,0
TCGA-JL-A3YW-01A-12R-A239-07,-0.388754782666787,0
TCGA-BH-A0H3-01A-11R-A12P-07,1.0409526175403938,1
TCGA-E2-A1IF-01A-11R-A144-07,-0.2501543589270607,1
TCGA-C8-A26X-01A-31R-A16F-07,0.31767965867320935,1
TCGA-A8-A09B-01A-11R-A00Z-07,1.9146632476685657,0
TCGA-A7-A26G-01A-21R-A169-07,0.3035573377585834,1
TCGA-AC-A2FE-01A-11R-A19W-07,1.8274769831782116,1
TCGA-A8-A08G-01A-11R-A00Z-07,1.3677034818564913,0
TCGA-AN-A0FJ-01A-11R-A00Z-07,-0.4389840352540144,1
TCGA-B6-A0RV-01A-11R-A084-07,1.8966387103599978,1
TCGA-B6-A0WV-01A-11R-A109-07,0.8412570469972218,1
TCGA-A8-A07P-01A-11R-A00Z-07,-0.8915474931557137,1
TCGA-A8-A08H-01A-21R-A00Z-07,0.20917716025469346,1
TCGA-AR-A0TW-01A-11R-A084-07,-2.2964405715407725,1
TCGA-E2-A15F-01A-11R-A115-07,0.3150787139507347,1
TCGA-B6-A0WX-01A-11R-A109-07,1.6280732413803394,1
TCGA-D8-A1Y1-01A-21R-A14M-07,2.1927021007634204,1
TCGA-E2-A14Z-01A-11R-A115-07,0.9006948610400949,0
TCGA-A2-A25A-01A-12R-A16F-07,2.0653326656355473,0
TCGA-A2-A0CT-01A-31R-A056-07,-1.5156255629349733,1
TCGA-HN-A2OB-01A-21R-A27Q-07,0.9834229593975685,0
TCGA-B6-A0RT-01A-21R-A084-07,1.4374275157658811,1
TCGA-AR-A24T-01A-11R-A169-07,0.20777250882060994,1
TCGA-E9-A1R0-01A-22R-A16F-07,1.458882578247148,1
TCGA-E9-A5FL-01A-11R-A27Q-07,-1.6220937612930566,1
TCGA-E2-A3DX-01A-21R-A213-07,0.3809538333506364,1
TCGA-E2-A14T-01A-11R-A115-07,-0.8024790466115563,1
TCGA-A2-A4RY-01A-31R-A266-07,0.14482264499972697,1
TCGA-AR-A2LK-01A-11R-A180-07,0.8519294886065882,1
TCGA-BH-A42U-01A-12R-A24H-07,-1.739819324799143,1
TCGA-AO-A12C-01A-11R-A10J-07,-0.0037646500943999683,0
TCGA-A2-A3XY-01A-11R-A239-07,0.922925108071917,1
TCGA-D8-A73X-01A-11R-A32P-07,1.774528549828423,1
TCGA-AR-A2LO-01A-31R-A18M-07,1.419639331971542,1
TCGA-AO-A0JJ-01A-11R-A056-07,1.8789966870399315,0
TCGA-LD-A74U-01A-13R-A33J-07,0.4566458999205594,1
TCGA-AN-A0XN-01A-21R-A109-07,-0.1725110932067473,1
TCGA-E2-A107-01A-11R-A10J-07,-0.9355991710379845,1
TCGA-A7-A6VV-01A-22R-A33J-07,0.7157002827753747,1
TCGA-AC-A5XS-01A-11R-A29R-07,-0.7230383099838829,1
TCGA-BH-A0H6-01A-21R-A056-07,0.7578993010785888,1
TCGA-AC-A23C-01A-12R-A169-07,-0.1388581968765248,1
TCGA-E9-A1NH-01A-11R-A14D-07,1.4787349153021827,1
TCGA-D8-A1XW-01A-11R-A14M-07,-1.5324072736059424,1
TCGA-AO-A0JG-01A-31R-A084-07,-0.07795673898962008,0
TCGA-BH-A18N-01A-11R-A12D-07,-0.6979312237957638,1
TCGA-A1-A0SO-01A-22R-A084-07,-1.3654732747712846,0
TCGA-BH-A0B5-01A-11R-A12P-07,1.2603840185605266,0
TCGA-A8-A09T-01A-11R-A00Z-07,1.2296396436027885,1
TCGA-BH-A0BR-01A-21R-A115-07,-0.4819792349345633,1
TCGA-D8-A27W-01A-11R-A16F-07,-0.29043729292924425,1
TCGA-BH-A0BW-01A-11R-A115-07,0.031982775334956415,1
TCGA-GM-A2DB-01A-31R-A18M-07,-1.8374317392095474,0
TCGA-AC-A2QH-01A-11R-A18M-07,-2.202787934144606,1
TCGA-D8-A1JB-01A-11R-A13Q-07,0.73740595873491,1
TCGA-BH-A1ES-01A-11R-A137-07,-0.6583191025717534,1
TCGA-OL-A97C-01A-32R-A41B-07,0.1821301436540379,1
TCGA-A2-A0YF-01A-21R-A109-07,-0.992486625594788,1
TCGA-D8-A1XS-01A-11R-A14M-07,0.7496940703169264,1
TCGA-D8-A140-01A-11R-A115-07,-0.5928456347944167,1
TCGA-A8-A09Q-01A-11R-A00Z-07,0.6209180343324521,1
TCGA-B6-A0I1-01A-11R-A21T-07,-1.0261962240471938,1
TCGA-AO-A0JE-01A-11R-A056-07,1.287917645802736,1
TCGA-A2-A1FW-01A-11R-A13Q-07,-2.061217440248238,1
TCGA-D8-A1XY-01A-11R-A14M-07,0.2798351372088881,1
TCGA-A2-A04R-01A-41R-A109-07,0.6347981177820232,0
TCGA-A2-A1FX-01A-11R-A13Q-07,1.230976471260882,1
TCGA-A8-A07W-01A-11R-A00Z-07,0.6359570467278646,1
TCGA-D8-A1XK-01A-21R-A14M-07,-1.0649542980789377,1
TCGA-D8-A3Z5-01A-41R-A24H-07,-1.6386685102836118,1
TCGA-LL-A5YM-01A-11R-A28M-07,-4.36284753042139,1
TCGA-B6-A0IJ-01A-11R-A034-07,-0.35750025390865225,0
TCGA-A8-A06N-01A-11R-A00Z-07,-1.0838385743687615,1
TCGA-GM-A2DM-01A-11R-A180-07,0.5919070138918006,1
TCGA-E2-A15D-01A-11R-A115-07,1.3653202252290102,1
TCGA-B6-A1KI-01A-11R-A14M-07,0.9586527200823127,1
TCGA-D8-A1JS-01A-11R-A13Q-07,-2.5004195956784496,1
TCGA-PE-A5DD-01A-12R-A27Q-07,-1.3458679726480662,1
TCGA-BH-A0BG-01A-11R-A115-07,1.5731242235798382,1
TCGA-LL-A6FQ-01A-11R-A31O-07,-3.8029502781923554,0
TCGA-E2-A1IN-01A-11R-A13Q-07,1.600400218012763,1
TCGA-A8-A06T-01A-11R-A00Z-07,-0.37311322410293624,1
TCGA-B6-A402-01A-11R-A239-07,0.15011735921259017,1
TCGA-E2-A9RU-01A-11R-A41B-07,-2.381205593213351,1
TCGA-A2-A3XW-01A-11R-A239-07,-3.2991858706991266,1
TCGA-B6-A0RU-01A-11R-A084-07,1.2083565299890004,0
TCGA-A8-A086-01A-11R-A00Z-07,1.328074838573901,1
TCGA-B6-A40C-01A-11R-A239-07,-0.5987954451147157,1
TCGA-D8-A1JF-01A-11R-A13Q-07,-1.8648037847705368,1
TCGA-A2-A0T6-01A-11R-A084-07,0.8181052879868247,1
TCGA-BH-A1FG-01A-11R-A13Q-07,-1.0777479669921055,0
TCGA-GM-A3NY-01A-11R-A21T-07,-2.763556522203473,1
TCGA-AN-A0AK-01A-21R-A00Z-07,-1.2068408728652544,1
TCGA-BH-A1FC-01A-11R-A13Q-07,-0.8354938280578033,1
TCGA-E9-A227-01A-11R-A157-07,1.533690384205502,1
TCGA-BH-A18P-01A-11R-A12D-07,1.695623942168372,1
TCGA-E2-A15R-01A-11R-A115-07,-2.331278651851955,1
TCGA-BH-A0WA-01A-11R-A109-07,0.7962235470733585,0
TCGA-BH-A42T-01A-11R-A24H-07,-0.7762345693643917,1
TCGA-AC-A23H-01A-11R-A157-07,0.12159584595628203,1
TCGA-OL-A66I-01A-21R-A29R-07,0.6393948365035822,1
TCGA-S3-AA17-01A-11R-A41B-07,0.6207642519256824,1
TCGA-AR-A1AL-01A-21R-A12P-07,0.17028860283702407,0
TCGA-AC-A2B8-01A-11R-A17B-07,1.228402625792845,1
TCGA-D8-A1XO-01A-11R-A14M-07,0.5193296066630877,1
TCGA-C8-A26Y-01A-11R-A16F-07,-0.5208913157750104,1
TCGA-BH-A0DG-01A-21R-A12P-07,1.3476496557667685,1
TCGA-E9-A243-01A-21R-A169-07,-0.012569294678259624,1
TCGA-A2-A04W-01A-31R-A115-07,-0.12502375044108227,1
TCGA-A8-A09G-01A-21R-A00Z-07,0.5246358029882368,1
TCGA-BH-A0DI-01A-21R-A12P-07,1.1190923153316845,1
TCGA-E2-A152-01A-11R-A12D-07,1.356756954154232,1
TCGA-AQ-A7U7-01A-22R-A352-07,-0.3329292703493625,1
TCGA-BH-A0BZ-01A-31R-A12P-07,1.550644380156844,1
TCGA-EW-A1OV-01A-11R-A144-07,0.8780736691458131,1
TCGA-A8-A0A7-01A-11R-A00Z-07,1.1356017286650655,1
TCGA-BH-A1EN-01A-11R-A13Q-07,-0.678858966211779,1
TCGA-E2-A1IE-01A-11R-A13Q-07,-0.0671792119325394,1
TCGA-BH-A0HW-01A-11R-A034-07,-0.5052299458567591,1
TCGA-BH-A0BJ-01A-11R-A056-07,1.6125195824269678,1
TCGA-AO-A03N-01B-11R-A10J-07,-1.2417965308419676,1
TCGA-EW-A1P3-01A-11R-A144-07,0.21098982194993354,1
TCGA-B6-A0I2-01A-11R-A034-07,-0.7553264759729661,0
TCGA-EW-A1PD-01A-11R-A144-07,0.3010364809428818,1
TCGA-B6-A0IH-01A-11R-A115-07,0.2515400227643072,0
TCGA-E2-A15M-01A-11R-A12D-07,-0.5244642565408784,1
TCGA-BH-A0H9-01A-11R-A056-07,0.27970743023272604,0
TCGA-BH-A0HL-01A-11R-A10U-07,-1.6401431233044494,0
TCGA-A8-A07G-01A-11R-A034-07,0.5970403445646602,1
TCGA-E2-A1IL-01A-11R-A14D-07,0.9863957047018799,1
TCGA-AR-A0U4-01A-11R-A109-07,0.13964571056849628,1
TCGA-D8-A147-01A-11R-A115-07,0.21991358462034505,1
TCGA-BH-A0HY-01A-11R-A056-07,-0.12097172016961455,1
TCGA-D8-A1XT-01A-11R-A14M-07,-0.02203992060675386,0
TCGA-E2-A14W-01A-11R-A12D-07,-0.45437341743480086,1
TCGA-E9-A1RB-01A-11R-A157-07,-0.3383675344068626,1
TCGA-LL-A5YL-01A-12R-A29R-07,-2.1896618904193446,0
TCGA-WT-AB41-01A-11R-A41B-07,-4.4859917295546925,1
TCGA-A8-A09Z-01A-11R-A00Z-07,-0.814079452737599,0
TCGA-AN-A0FX-01A-11R-A034-07,1.5849644660999198,1
TCGA-B6-A409-01A-11R-A24H-07,-0.33345597353613243,1
TCGA-EW-A1PG-01A-11R-A144-07,-0.32915948088370417,1
TCGA-OL-A6VR-01A-32R-A33J-07,-0.9009783022408282,1
TCGA-BH-A1FN-01A-11R-A13Q-07,-0.33835444450385044,1
TCGA-AR-A2LR-01A-12R-A18M-07,0.17012100705944277,1
TCGA-A7-A5ZX-01A-12R-A29R-07,0.9026081594518063,1
TCGA-LL-A73Y-01A-11R-A33J-07,2.3694347549184505,1
TCGA-A2-A25D-01A-12R-A16F-07,-0.22149198161316885,0
TCGA-BH-A0C7-01B-11R-A115-07,0.973926171117153,1
TCGA-E2-A570-01A-11R-A29R-07,0.10246720988741576,1
TCGA-BH-A1FL-01A-11R-A13Q-07,0.312769597765981,1
TCGA-A1-A0SG-01A-11R-A144-07,0.5626289888907969,1
TCGA-A8-A07U-01A-11R-A034-07,0.7658793375079345,0
TCGA-E2-A15L-01A-11R-A12D-07,1.580802953700669,1
TCGA-E9-A1R4-01A-21R-A14D-07,1.3527519387123306,0
TCGA-AR-A0TS-01A-11R-A115-07,0.9748448284542395,1
TCGA-E2-A10F-01A-11R-A10J-07,2.060044846062233,1
TCGA-AO-A128-01A-11R-A10J-07,0.5968358847489093,1
TCGA-AR-A0U3-01A-11R-A109-07,-1.3861264803925666,1
TCGA-BH-A0DL-01A-11R-A115-07,0.5008889621417101,1
TCGA-A7-A0D9-01A-31R-A056-07,-0.2278151604094969,1
TCGA-AN-A0FD-01A-11R-A034-07,0.3339675756866418,1
TCGA-A2-A0YK-01A-22R-A109-07,0.785140892844816,1
TCGA-BH-A1FH-01A-12R-A13Q-07,-0.9836038885605447,1
TCGA-C8-A12T-01A-11R-A115-07,1.1418421025055006,1
TCGA-B6-A2IU-01A-32R-A18M-07,-0.23153935230795497,1
TCGA-4H-AAAK-01A-12R-A41B-07,1.3447569394251317,1
TCGA-E2-A1IU-01A-11R-A14D-07,0.4957887089380293,0
TCGA-3C-AALK-01A-11R-A41B-07,1.1052080686163128,1
TCGA-D8-A27M-01A-11R-A16F-07,0.8127965930743759,1
TCGA-E2-A56Z-01A-12R-A29R-07,-0.3331302441749999,1
TCGA-AO-A1KQ-01A-11R-A13Q-07,-0.0041760641065975435,1
TCGA-AR-A2LE-01A-11R-A180-07,-0.30152653468515656,1
TCGA-E2-A1BC-01A-11R-A12P-07,-0.18320930572166638,1
TCGA-BH-A0E6-01A-11R-A034-07,-0.7188094161320873,1
TCGA-AO-A0J2-01A-11R-A034-07,-1.3164197564381759,1
TCGA-A7-A6VX-01A-12R-A33J-07,1.2452609641209769,0
TCGA-E2-A1LI-01A-12R-A157-07,0.5985049349177025,0
TCGA-AR-A1AT-01A-11R-A12P-07,1.6767820784827396,1
TCGA-A7-A426-01A-22R-A24H-07,-0.504012094727055,1
TCGA-A2-A25C-01A-11R-A169-07,0.5344792821213895,1
TCGA-B6-A0RL-01A-11R-A084-07,-0.5186195313663378,1
TCGA-OK-A5Q2-01A-11R-A27Q-07,1.5682542223316815,1
TCGA-E9-A244-01A-11R-A169-07,-0.2107136614064391,1
TCGA-E9-A1R6-01A-11R-A14D-07,-0.5709902605439803,1
TCGA-BH-A8G0-01A-11R-A352-07,0.32637057979311823,1
TCGA-EW-A1IZ-01A-11R-A13Q-07,-0.5223368441759462,0
TCGA-AO-A0J5-01A-11R-A034-07,0.28512315591776627,1
TCGA-E2-A1AZ-01A-11R-A12P-07,1.010780161517875,1
TCGA-B6-A0RE-01A-11R-A056-07,0.4839932137472811,1
TCGA-A7-A4SE-01A-11R-A266-07,0.5593775722042817,0
TCGA-LL-A740-01A-21R-A32P-07,-0.9511395806502119,1
TCGA-A8-A07R-01A-21R-A034-07,-1.1960693892552694,0
TCGA-S3-AA10-01A-21R-A41B-07,0.20573637698511327,1
TCGA-A7-A4SF-01A-11R-A266-07,-0.8343311255281893,0
TCGA-A7-A0CG-01A-12R-A056-07,0.7167774431011456,0
TCGA-E2-A1LS-01A-12R-A157-07,-1.474790120811278,1
TCGA-AR-A24P-01A-11R-A169-07,0.6253915948274313,0
TCGA-E9-A54Y-01A-11R-A466-07,-4.442882724526291,1
TCGA-AO-A0JA-01A-11R-A056-07,0.7931067456187089,1
TCGA-A8-A08A-01A-11R-A32Y-07,0.98744514653115,1
TCGA-AR-A24V-01A-21R-A169-07,0.21229023785484102,1
TCGA-A2-A0CO-01A-13R-A22K-07,-0.404786493829544,1
TCGA-E2-A15I-01A-21R-A137-07,-1.2184438025889381,0
TCGA-A2-A0SU-01A-11R-A084-07,0.4578634823487695,0
TCGA-AC-A3OD-01A-11R-A21T-07,-3.8630572319795053,1
TCGA-AC-A3YJ-01A-11R-A22U-07,-1.8770612779459874,0
TCGA-AR-A0TZ-01A-12R-A084-07,-1.5760656896866738,1
TCGA-A2-A0D3-01A-11R-A115-07,-0.24765931557734788,1
TCGA-BH-A18L-01A-32R-A12D-07,-1.0722465118537725,1
TCGA-EW-A2FW-01A-11R-A17B-07,-0.11703110435458086,1
TCGA-A2-A0YL-01A-21R-A109-07,1.313722285234567,1
TCGA-E9-A54X-01A-11R-A266-07,0.27324086243256573,1
TCGA-BH-A18F-01A-11R-A12D-07,1.4494144876208948,1
TCGA-W8-A86G-01A-21R-A36F-07,-1.0052783264363958,1
TCGA-A8-A08T-01A-21R-A00Z-07,1.0952359544988806,1
TCGA-BH-A1EX-01A-11R-A13Q-07,0.07749077232491786,0
TCGA-A8-A08O-01A-21R-A056-07,0.6850824484841427,0
TCGA-AC-A6IX-01A-12R-A32P-07,1.5032146106853634,1
TCGA-C8-A27B-01A-11R-A169-07,-0.8009570365913117,1
TCGA-PL-A8LZ-01A-31R-A36F-07,1.3654458792950601,1
TCGA-AR-A1AQ-01A-11R-A12P-07,1.0596929035733567,1
TCGA-BH-A1FU-01A-11R-A14D-07,0.2333430627661066,1
TCGA-A2-A0SY-01A-31R-A084-07,1.7973136997435981,1
TCGA-BH-A1EW-01A-11R-A137-07,-0.42872383325898156,1
TCGA-GM-A3NW-01A-21R-A22K-07,-0.6456136548889466,0
TCGA-BH-A0W4-01A-11R-A109-07,1.7430879257308263,1
TCGA-AR-A1AS-01A-11R-A12P-07,0.01356932276310907,0
TCGA-EW-A1J6-01A-11R-A13Q-07,-1.925957625078401,1
TCGA-AC-A6NO-01A-12R-A33J-07,0.4815281737724879,1
TCGA-A7-A0CE-01A-11R-A00Z-07,1.0093908242619385,0
TCGA-BH-A6R8-01A-21R-A33J-07,-2.0732861982708304,1
TCGA-EW-A1OY-01A-11R-A144-07,0.9394927243321485,1
TCGA-BH-A0BS-01A-11R-A12P-07,-1.1442961940573317,0
TCGA-A7-A6VY-01A-12R-A33J-07,0.1873875642772358,1
TCGA-A2-A0CK-01A-11R-A22K-07,-0.09589849371337689,0
TCGA-AO-A12H-01A-11R-A115-07,-0.5680301731277257,0
TCGA-C8-A12L-01A-11R-A115-07,-0.9446153731968323,1
TCGA-A1-A0SQ-01A-21R-A144-07,-0.8248057185693494,1
TCGA-A7-A56D-01A-11R-A27Q-07,-5.286278616782983,1
TCGA-A8-A09I-01A-22R-A034-07,0.01760820499526794,1
TCGA-BH-A0DH-01A-11R-A084-07,-0.4470497334781829,1
TCGA-B6-A0X0-01A-21R-A115-07,0.33517997105035224,1
TCGA-S3-AA12-01A-11R-A41B-07,-2.0260591078295356,1
TCGA-E2-A159-01A-11R-A115-07,1.5594071901761284,1
TCGA-D8-A27V-01A-12R-A17B-07,-0.3710037574140239,1
TCGA-D8-A1JT-01A-31R-A13Q-07,-2.6289124554194574,1
TCGA-C8-A138-01A-11R-A115-07,0.011923254609890854,1
TCGA-AO-A0J6-01A-11R-A034-07,0.3134933873598058,1
TCGA-AR-A24R-01A-11R-A169-07,0.6911782941083375,1
TCGA-AR-A0TY-01A-12R-A115-07,-1.2301795554148507,1
TCGA-E9-A1QZ-01A-21R-A169-07,1.0269679825201496,1
TCGA-AR-A24W-01A-11R-A169-07,-0.7256210852418574,0
TCGA-LL-A5YP-01A-21R-A28M-07,0.9182167994021135,1
TCGA-B6-A0WY-01A-11R-A109-07,1.8241863885671696,1
TCGA-GM-A2DC-01A-11R-A18M-07,-2.6513284250713944,1
TCGA-A2-A4S2-01A-12R-A266-07,0.6691141944488379,1
TCGA-A8-A09X-01A-11R-A00Z-07,0.12995984279658312,1
TCGA-OL-A5RV-01A-12R-A28M-07,0.880143839809918,1
TCGA-E2-A14P-01A-31R-A12D-07,-1.455041429310354,1
TCGA-C8-A8HQ-01A-11R-A36F-07,1.9495690819827916,1
TCGA-AR-A0TP-01A-11R-A084-07,-0.5367115788053667,1
TCGA-A8-A09A-01A-11R-A00Z-07,0.15971224528674988,1
TCGA-A8-A08L-01A-11R-A00Z-07,-0.02259629355538717,1
TCGA-A8-A08F-01A-11R-A00Z-07,0.26902706055970427,1
TCGA-GI-A2C9-01A-11R-A21T-07,1.642731743208926,1
TCGA-A2-A0SW-01A-11R-A084-07,1.0455418515868073,1
TCGA-LD-A7W5-01A-22R-A352-07,-1.450334415407733,0
TCGA-D8-A27R-01A-11R-A16F-07,0.868149253111854,1
TCGA-AO-A0JM-01A-21R-A056-07,1.2634220971170986,1
TCGA-GM-A2D9-01A-11R-A18M-07,-0.39436907578638447,1
TCGA-D8-A1XU-01A-11R-A14M-07,0.16175531907723695,1
TCGA-AO-A1KT-01A-11R-A13Q-07,0.8359026908822011,1
TCGA-C8-A12P-01A-11R-A115-07,0.31953247426531206,1
TCGA-LL-A6FR-01A-12R-A31O-07,-1.5666991007047333,0
TCGA-AR-A1AJ-01A-21R-A12P-07,1.22691641039241,1
TCGA-A8-A09D-01A-11R-A00Z-07,0.04957513144574399,1
TCGA-S3-A6ZF-01A-32R-A32P-07,1.6343772659400342,0
TCGA-E2-A150-01A-11R-A12D-07,0.37090731184654224,1
TCGA-BH-A18U-01A-21R-A12D-07,0.5083000011107064,1
TCGA-BH-A0GY-01A-11R-A056-07,0.025042734667178657,1
TCGA-AQ-A54N-01A-11R-A266-07,-1.7062782299938775,1
TCGA-C8-A273-01A-11R-A16F-07,0.17486436585006082,1
TCGA-S3-AA14-01A-11R-A41B-07,0.45956150510864546,1
TCGA-A7-A2KD-01A-31R-A21T-07,0.7005787009244209,1
TCGA-C8-A131-01A-11R-A115-07,1.1740110832778186,1
TCGA-E2-A576-01A-11R-A31O-07,-3.8215933794871706,1
TCGA-A2-A0T4-01A-31R-A084-07,1.741435921161588,1
TCGA-A2-A04V-01A-21R-A034-07,0.8865269256459261,0
TCGA-AR-A0U0-01A-11R-A109-07,0.5541437953254409,1
TCGA-BH-A0BO-01A-23R-A12D-07,-0.09803903255339819,1
TCGA-A2-A3KC-01A-11R-A213-07,1.3774014048931713,0
TCGA-BH-A18T-01A-11R-A12D-07,-1.0856535618941034,0
TCGA-EW-A1J2-01A-21R-A13Q-07,1.1747934851989346,1
TCGA-A8-A084-01A-21R-A00Z-07,1.033122500765872,1
TCGA-A8-A08X-01A-21R-A00Z-07,1.1035564877649895,1
TCGA-GM-A2DH-01A-11R-A180-07,0.01514200374370045,1
TCGA-D8-A27L-01A-11R-A16F-07,1.9730988746375635,1
TCGA-A7-A3IZ-01A-11R-A213-07,-0.8618266491308981,1
TCGA-AN-A04D-01A-21R-A034-07,-1.2445345265793346,1
TCGA-5L-AAT0-01A-12R-A41B-07,1.044384660291926,1
TCGA-AR-A1AU-01A-11R-A12P-07,0.9934608977889203,1
TCGA-AC-A6IV-01A-12R-A33J-07,0.8348448922008354,1
TCGA-E2-A15C-01A-31R-A12D-07,0.43319633929245605,1
TCGA-AO-A1KP-01A-11R-A13Q-07,-1.5645569336409837,1
TCGA-E2-A15G-01A-11R-A12D-07,0.7649600276660795,1
TCGA-A2-A3KD-01A-12R-A213-07,0.8546762314904193,0
TCGA-D8-A1X5-01A-11R-A14D-07,0.07224353233831682,1
TCGA-AQ-A04L-01B-21R-A10J-07,-1.2280698471320557,1
TCGA-A8-A096-01A-11R-A00Z-07,2.0202276956417755,1
TCGA-A2-A0YH-01A-11R-A109-07,1.6988222536364823,1
TCGA-AN-A0FW-01A-11R-A034-07,-0.9105987271205729,1
TCGA-D8-A27H-01A-11R-A16F-07,0.1545037147376611,0
TCGA-OL-A6VQ-01A-12R-A41B-07,1.7835460716153522,1
TCGA-A7-A4SA-01A-11R-A266-07,0.027156721323176036,0
TCGA-C8-A274-01A-11R-A16F-07,0.5783100371254344,1
TCGA-E2-A15J-01A-11R-A12P-07,0.46457862530286853,1
TCGA-BH-A0B3-01A-11R-A056-07,1.8921425951686555,1
TCGA-E2-A153-01A-12R-A12D-07,1.6185700299161976,1
TCGA-WT-AB44-01A-11R-A41B-07,-3.0669532139509936,1
TCGA-B6-A0RQ-01A-11R-A115-07,1.5865200211208679,1
TCGA-A2-A0YM-01A-11R-A109-07,0.17527018689368212,1
TCGA-C8-A1HI-01A-11R-A137-07,-0.0740590203250795,1
TCGA-AC-A3TM-01A-11R-A22K-07,-3.7481621988614275,1
TCGA-A7-A0CD-01A-11R-A00Z-07,-0.7067794265580662,0
TCGA-D8-A145-01A-11R-A115-07,1.4459803485481038,1
TCGA-BH-A0EB-01A-11R-A034-07,1.3323588732792855,1
TCGA-AR-A0TV-01A-21R-A084-07,-0.16648679868112204,1
TCGA-E2-A15P-01A-11R-A115-07,0.6452363954452895,1
TCGA-A2-A04T-01A-21R-A034-07,0.12368879120024978,1
TCGA-E9-A2JT-01A-22R-A18M-07,-0.9248618629995544,1
TCGA-OL-A5RW-01A-11R-A28M-07,-1.332618955274791,0
TCGA-PL-A8LV-01A-21R-A41B-07,0.6883737884636663,1
TCGA-BH-A18M-01A-11R-A12D-07,2.322532912623754,1
TCGA-D8-A27N-01A-11R-A16F-07,0.7945728775769538,1
TCGA-C8-A3M8-01A-11R-A213-07,1.0601394616300004,1
TCGA-B6-A0WW-01A-11R-A109-07,0.8319960258196968,1
TCGA-E9-A3X8-01A-31R-A22U-07,-4.525193523035792,1
TCGA-C8-A133-01A-32R-A12D-07,-2.4718713587479684,0
TCGA-D8-A1X6-01A-11R-A14M-07,0.3367601023671085,1
TCGA-A2-A04P-01A-31R-A034-07,-0.6861111862761984,1
TCGA-E9-A1N3-01A-12R-A157-07,-0.4592292002721692,1
TCGA-AN-A0XP-01A-11R-A109-07,0.7816450479020878,1
TCGA-E2-A1LK-01A-21R-A14D-07,-0.003686131476626997,0
TCGA-C8-A132-01A-31R-A115-07,1.376184446885719,1
TCGA-PE-A5DE-01A-11R-A27Q-07,0.6285470207301875,1
TCGA-EW-A6SC-01A-12R-A32P-07,1.8555325876092965,1
TCGA-BH-A0EI-01A-11R-A115-07,0.07591099290733894,1
TCGA-A8-A08I-01A-11R-A00Z-07,-0.3059236621438277,0
TCGA-AO-A124-01A-11R-A10J-07,-0.3578358472434484,0
TCGA-AN-A0XR-01A-11R-A109-07,0.4780189096906442,1
TCGA-BH-A204-01A-11R-A157-07,-3.2256855578351287,0
TCGA-AN-A0FF-01A-11R-A034-07,2.4319989611656005,1
TCGA-A2-A0T3-01A-21R-A115-07,-0.23305318113991014,1
TCGA-B6-A0RI-01A-11R-A056-07,1.1879429328404552,1
TCGA-AO-A03R-01A-21R-A034-07,-0.7328665923665474,1
TCGA-E9-A1RA-01A-11R-A14D-07,1.777643712801762,1
TCGA-AN-A0XV-01A-11R-A109-07,1.7684766920013697,1
TCGA-E9-A1RI-01A-11R-A169-07,0.437748239774713,1
TCGA-A8-A07J-01A-11R-A00Z-07,0.5454221361756524,0
TCGA-AC-A6IW-01A-12R-A33J-07,-0.24051504348052966,1
TCGA-3C-AALJ-01A-31R-A41B-07,-0.30709803679219316,1
TCGA-AN-A0XS-01A-22R-A109-07,0.8450845922209966,1
TCGA-E9-A226-01A-21R-A157-07,-0.7964448340840056,1
TCGA-C8-A12K-01A-21R-A115-07,0.33062380926401325,0
TCGA-BH-A202-01A-11R-A14M-07,0.46507711835910825,0
TCGA-OL-A66H-01A-11R-A29R-07,-0.3875589729201021,1
TCGA-E9-A1N9-01A-11R-A14D-07,1.7532143329349772,0
TCGA-A2-A0T2-01A-11R-A084-07,-0.4560504591795205,1
TCGA-BH-A18H-01A-11R-A12D-07,0.5311353058616666,1
TCGA-UU-A93S-01A-21R-A41B-07,-2.343276616918766,1
TCGA-B6-A0RO-01A-22R-A084-07,-2.328897758742647,1
TCGA-E2-A10E-01A-21R-A10J-07,0.6629823641625849,1
TCGA-A7-A4SC-01A-12R-A266-07,0.06319432914578993,1
TCGA-B6-A0WZ-01A-11R-A109-07,0.04957854285664709,1
TCGA-A7-A6VW-01A-21R-A33J-07,-1.1781009342052844,1
TCGA-E2-A1B5-01A-21R-A12P-07,-0.12287001962584387,1
TCGA-A8-A092-01A-11R-A00Z-07,0.4500943749640278,1
TCGA-C8-A1HK-01A-21R-A13Q-07,-1.359230690890362,1
TCGA-BH-A0W3-01A-11R-A109-07,1.16655389763734,1
TCGA-A7-A0CH-01A-21R-A00Z-07,1.4342137371904533,1
TCGA-AR-A1AX-01A-11R-A12P-07,0.7941778505695511,1
TCGA-EW-A1P0-01A-11R-A144-07,0.3592779440983769,1
TCGA-E9-A1NI-01A-11R-A14D-07,2.19203645082927,1
TCGA-AO-A12E-01A-11R-A10J-07,1.239383964953083,1
TCGA-D8-A1XJ-01A-11R-A14M-07,-0.04541046093714307,1
TCGA-B6-A0I6-01A-11R-A034-07,0.35340170096128354,1
TCGA-E9-A1RH-01A-21R-A169-07,-2.272344738570421,1
TCGA-BH-A18Q-01A-12R-A12D-07,1.1125431437447588,1
TCGA-AO-A0JI-01A-21R-A056-07,-0.8444497005442617,1
TCGA-A2-A0CL-01A-11R-A115-07,0.6305096071322938,1
TCGA-E2-A155-01A-11R-A12D-07,-1.1676189876755556,1
TCGA-B6-A0I8-01A-11R-A034-07,-1.1533037229152976,0
TCGA-E2-A14X-01A-11R-A115-07,0.9031245877763077,0
TCGA-AC-A3YI-01A-21R-A239-07,0.5622312129118292,1
TCGA-AR-A1AI-01A-11R-A12P-07,-1.2874330217011476,1
TCGA-D8-A1JK-01A-11R-A13Q-07,1.256796732058234,1
TCGA-BH-A0C3-01A-21R-A12P-07,2.1938415372492566,1
TCGA-A8-A09C-01A-11R-A00Z-07,1.6637914776424854,1
TCGA-LL-A50Y-01A-11R-A266-07,-2.3406259486206,1
TCGA-BH-A0B0-01A-21R-A115-07,0.8602582592473818,0
TCGA-OL-A66L-01A-12R-A31O-07,-4.016736930612426,1
TCGA-BH-A0AW-01A-11R-A056-07,0.8692134915749472,1
TCGA-D8-A1X8-01A-11R-A14M-07,1.414550297959849,1
TCGA-D8-A1JE-01A-11R-A13Q-07,-0.7031987587093971,1
TCGA-BH-A1EO-01A-11R-A137-07,-0.34694063066110026,1
TCGA-BH-A0HU-01A-11R-A034-07,-0.22479308258403563,1
TCGA-BH-A0H7-01A-13R-A056-07,-0.26057588890085004,1
TCGA-E9-A22D-01A-11R-A157-07,0.963151832415444,1
TCGA-3C-AAAU-01A-11R-A41B-07,-1.1267276308070304,1
TCGA-BH-A1FJ-01A-11R-A13Q-07,0.49279355239361866,1
TCGA-A8-A06P-01A-11R-A00Z-07,1.486213800574106,1
TCGA-A2-A25B-01A-11R-A169-07,-0.24934417854585877,1
TCGA-AC-A2BM-01A-11R-A21T-07,0.5726195629701687,1
TCGA-E9-A6HE-01A-11R-A31O-07,-2.1892472717040423,1
TCGA-AO-A03O-01A-11R-A00Z-07,-0.7546938415852784,1
TCGA-A2-A0EU-01A-22R-A056-07,-0.04321027389743115,1
TCGA-A8-A06O-01A-11R-A00Z-07,1.085110448283582,1
TCGA-BH-A0BT-01A-11R-A12P-07,-1.5438638573388648,1
TCGA-A2-A0YT-01A-11R-A109-07,-0.3173268515488976,1
TCGA-E2-A14R-01A-11R-A115-07,-0.7501620922808172,1
TCGA-B6-A0IC-01A-11R-A034-07,-0.16061371795044543,0
TCGA-AC-A5XU-01A-11R-A28M-07,-0.3984775021113416,1
TCGA-AR-A250-01A-31R-A169-07,1.3177362200245177,0
TCGA-D8-A1XZ-01A-11R-A14M-07,-0.3437911964653084,1
TCGA-B6-A0I9-01A-11R-A034-07,0.08904420478711117,1
TCGA-B6-A0IA-01A-11R-A034-07,-3.118804234254757,1
TCGA-E2-A14N-01A-31R-A137-07,-1.3737072012478926,0
TCGA-PL-A8LY-01A-11R-A41B-07,0.5199003402540132,1
TCGA-LL-A441-01A-11R-A24H-07,-0.3933872488373602,1
TCGA-A8-A08S-01A-11R-A034-07,0.08691847986171286,0
TCGA-A8-A09V-01A-11R-A034-07,-1.1942454604615103,1
TCGA-BH-A209-01A-11R-A157-07,-0.2633032967232367,1
TCGA-GM-A5PX-01A-12R-A28M-07,0.1469732098414367,1
TCGA-A8-A085-01A-11R-A00Z-07,0.12681777554252527,1
TCGA-A2-A25E-01A-11R-A169-07,0.254298893085803,0
TCGA-D8-A1JG-01B-11R-A13Q-07,-0.3824021175074126,1
TCGA-AC-A2FO-01A-11R-A180-07,1.3658392158790358,1
TCGA-B6-A3ZX-01A-11R-A239-07,1.2196562307934125,1
TCGA-AN-A0FT-01A-11R-A034-07,-2.076731921531829,1
TCGA-AQ-A04H-01B-11R-A10J-07,-0.38726463066107897,1
TCGA-AR-A1AR-01A-31R-A137-07,-0.09785195158034732,1
TCGA-A2-A0CS-01A-11R-A115-07,0.5711878314722805,1
TCGA-A2-A1FZ-01A-51R-A14D-07,1.4896665407321814,1
TCGA-AC-A8OQ-01A-11R-A41B-07,1.302419040297,1
TCGA-AR-A0TR-01A-11R-A084-07,-1.1332708337370985,1
TCGA-C8-A12M-01A-11R-A115-07,-1.2435995121032244,1
TCGA-A1-A0SM-01A-11R-A084-07,0.3127422671129638,1
TCGA-BH-A1ET-01A-11R-A137-07,-0.04099717829995697,1
TCGA-A8-A0A1-01A-11R-A00Z-07,1.8167235096585426,1
TCGA-C8-A1HG-01A-11R-A137-07,-0.999556152181353,1
TCGA-E9-A1NF-01A-11R-A14D-07,1.6420656689816635,1
TCGA-A2-A0D4-01A-11R-A00Z-07,-0.36928745391607,1
TCGA-BH-A2L8-01A-11R-A18M-07,1.7333141699930819,1
TCGA-A8-A093-01A-11R-A00Z-07,0.5507301688189674,1
TCGA-D8-A1Y3-01A-11R-A157-07,-2.948345812954824,1
TCGA-AR-A1AY-01A-21R-A12P-07,-0.5739278422307201,1
TCGA-AO-A12F-01A-11R-A115-07,0.5462453174279958,1
TCGA-AN-A0FL-01A-11R-A034-07,-1.6900976171513076,1
TCGA-AR-A0TQ-01A-11R-A084-07,1.1320925122897183,1
TCGA-A2-A0CP-01A-11R-A034-07,0.34607701002491,0
TCGA-AO-A129-01A-21R-A10J-07,0.7062807758272172,1
TCGA-D8-A1JH-01A-11R-A13Q-07,1.285831696149101,1
TCGA-BH-A18K-01A-11R-A12D-07,1.2956596800522995,1
TCGA-B6-A0IM-01A-11R-A034-07,-0.041224390118759224,1
TCGA-AO-A0J4-01A-11R-A034-07,1.5622021506973702,0
TCGA-AR-A1AW-01A-21R-A12P-07,0.12496355140033888,1
TCGA-AC-A62Y-01A-11R-A29R-07,-0.32485013964120046,0
TCGA-A1-A0SH-01A-11R-A084-07,-0.086306412944964,1
TCGA-A8-A08C-01A-11R-A00Z-07,-0.7225701578313126,1
TCGA-A2-A3XU-01A-12R-A22U-07,-2.402169282145394,1
TCGA-E2-A1LB-01A-11R-A144-07,-0.4053305303964567,1
TCGA-D8-A1JJ-01A-31R-A14M-07,1.6053942506763565,1
TCGA-AN-A049-01A-21R-A00Z-07,0.43984498883852563,1
TCGA-A1-A0SN-01A-11R-A144-07,1.8059442054386459,0
TCGA-EW-A1IW-01A-11R-A13Q-07,1.8673368378371231,1
TCGA-LQ-A4E4-01A-11R-A266-07,-1.1245778161955782,1
TCGA-E9-A5UP-01A-11R-A28M-07,-2.74565166628488,0
TCGA-EW-A1IY-01A-11R-A13Q-07,-1.214294030669845,1
TCGA-AN-A0XW-01A-11R-A109-07,0.9748597714794283,1
TCGA-AR-A24S-01A-11R-A169-07,0.6122685500373111,1
TCGA-AR-A2LM-01A-11R-A180-07,0.1660613863024798,1
TCGA-E9-A1NE-01A-21R-A14M-07,0.694105330312289,1
TCGA-LL-A9Q3-01A-11R-A41B-07,-3.5570008067224936,1
TCGA-AC-A8OP-01A-11R-A36F-07,-0.41271976931081866,1
TCGA-E2-A572-01A-13R-A31O-07,-5.888596105849601,1
TCGA-B6-A0IP-01A-11R-A034-07,2.132978581988832,1
TCGA-C8-A135-01A-11R-A115-07,0.25934710726169996,0
TCGA-D8-A1XL-01A-11R-A14M-07,-0.5948242630575136,0
TCGA-EW-A1PC-01B-11R-A21T-07,-0.7858011609950664,0
TCGA-AO-A03M-01B-11R-A10J-07,-0.11108783779664666,0
TCGA-AN-A0FN-01A-11R-A034-07,0.12221421797904597,1
TCGA-A7-A4SD-01A-11R-A266-07,1.1530507950647948,1
TCGA-BH-A0HN-01A-11R-A10U-07,-2.518201382026076,1
TCGA-S3-A6ZH-01A-22R-A32P-07,-1.474813010049889,0
TCGA-AC-A3QP-01A-11R-A22U-07,-1.3517865064929158,0
TCGA-5L-AAT1-01A-12R-A41B-07,0.12542266715640338,1
TCGA-AN-A0FY-01A-11R-A034-07,-0.1475526411314787,0
TCGA-BH-A0BA-01A-11R-A056-07,0.06501746057097613,1
TCGA-A2-A0CU-01A-12R-A034-07,-0.46008002871896014,1
TCGA-D8-A143-01A-11R-A115-07,-0.2975007237383007,1
TCGA-BH-A0DE-01A-11R-A115-07,1.0857915647744072,1
TCGA-A2-A0EO-01A-11R-A034-07,1.412913504778242,1
TCGA-AO-A0JF-01A-11R-A056-07,1.2569939262471772,1
TCGA-A8-A09E-01A-11R-A00Z-07,-0.5921701460843307,1
TCGA-BH-A0AZ-01A-21R-A12P-07,0.7161945948771447,1
TCGA-GM-A2DN-01A-11R-A180-07,1.9059933588190123,1
TCGA-E2-A15T-01A-11R-A115-07,0.32833925051814283,1
TCGA-BH-A1F6-01A-11R-A13Q-07,1.2578335599628572,0
TCGA-BH-A0DX-01A-11R-A115-07,1.028856938726788,1
TCGA-EW-A3U0-01A-11R-A22K-07,0.5352146419063022,0
TCGA-BH-A0DV-01A-21R-A12P-07,0.3313444991308403,1
TCGA-AC-A3TN-01A-11R-A22K-07,-2.237909150429159,1
TCGA-A1-A0SK-01A-12R-A084-07,-1.7486974060251441,1
TCGA-B6-A0X5-01A-21R-A109-07,-0.2949376528664631,1
TCGA-A2-A0YC-01A-11R-A109-07,1.1759598802908702,0
TCGA-A2-A0CZ-01A-11R-A034-07,1.1685553017763954,0
TCGA-C8-A27A-01A-11R-A169-07,-1.6084203328476407,1
TCGA-AR-A1AP-01A-11R-A12P-07,0.695809109015479,1
TCGA-BH-A0B4-01A-11R-A00Z-07,0.2755093203109542,0
TCGA-BH-A0BV-01A-11R-A00Z-07,1.0177577847459718,1
TCGA-AN-A0XO-01A-11R-A109-07,0.8933958716204389,0
TCGA-AC-A2QJ-01A-12R-A19W-07,-3.8264637451126102,1
TCGA-GM-A2DD-01A-11R-A180-07,-0.5726912347868387,0
TCGA-AR-A1AV-01A-21R-A12P-07,0.14674363093753584,1
TCGA-D8-A1XF-01A-11R-A14D-07,-1.4667818300047406,1
TCGA-LL-A6FP-01A-11R-A31O-07,-4.446987755550426,1
TCGA-D8-A1XA-01A-11R-A14D-07,-0.9158478777070549,1
TCGA-C8-A26V-01A-11R-A16F-07,1.0991616776093984,1
TCGA-PE-A5DC-01A-12R-A27Q-07,-1.2220287273550303,0
TCGA-E2-A1LH-01A-11R-A14D-07,-0.19839860551771338,1
TCGA-BH-A0B9-01A-11R-A056-07,-0.33865674688016334,1
TCGA-E9-A1N8-01A-11R-A144-07,-0.3288461254022028,1
TCGA-AC-A62V-01A-11R-A31O-07,-3.6920870868609343,1
TCGA-EW-A1PH-01A-11R-A14M-07,0.5732613067099255,1
TCGA-AR-A5QP-01A-11R-A28M-07,1.7610905814573803,1
TCGA-BH-A5J0-01A-11R-A27Q-07,-1.9104447648831666,1
TCGA-A1-A0SB-01A-11R-A144-07,-0.5681210382559456,1
TCGA-B6-A0IK-01A-12R-A056-07,-0.32805042047005273,1
TCGA-A8-A06Q-01A-11R-A034-07,-0.5585666645131822,0
TCGA-AR-A2LH-01A-31R-A18M-07,1.1758902575418713,1
TCGA-AR-A24Z-01A-11R-A169-07,-0.3559123645861133,1
TCGA-Z7-A8R5-01A-42R-A41B-07,-1.498007319036411,1
TCGA-A8-A0A9-01A-11R-A00Z-07,0.8947650554741378,0
TCGA-D8-A1JA-01A-11R-A13Q-07,-2.7555368276732395,1
TCGA-AN-A0FK-01A-11R-A034-07,-0.6663079510996193,1
TCGA-GM-A2DL-01A-11R-A18M-07,0.8279907354069458,1
TCGA-EW-A1P6-01A-11R-A144-07,0.8451832575929821,1
TCGA-BH-A0EA-01A-11R-A115-07,1.3262295893791975,1
TCGA-BH-A8FY-01A-11R-A36F-07,-2.1334411411875998,1
TCGA-E2-A1L9-01A-11R-A13Q-07,1.1895566554761334,1
TCGA-E9-A1R2-01A-11R-A14D-07,-0.020655434340415724,1
TCGA-AC-A2FM-01A-11R-A19W-07,-1.6118798134025116,1
TCGA-E2-A108-01A-13R-A10J-07,1.283314377683439,1
TCGA-OL-A66O-01A-11R-A31O-07,-3.4252067382370743,0
TCGA-C8-A275-01A-21R-A16F-07,0.6651847637791999,1
TCGA-B6-A0IO-01A-11R-A034-07,-0.2955970922909916,1
TCGA-BH-A0HO-01A-11R-A034-07,0.3488435094648059,1
TCGA-EW-A1P8-01A-11R-A144-07,0.39675027910520555,1
TCGA-A2-A0D0-01A-11R-A00Z-07,-0.8293205412461706,1
TCGA-A2-A0SX-01A-12R-A084-07,1.6272004840446028,1
TCGA-D8-A27I-01A-11R-A16F-07,1.777532699611677,0
TCGA-EW-A2FS-01A-11R-A17B-07,-1.4986419277666538,0
TCGA-Z7-A8R6-01A-11R-A41B-07,0.5310388708992777,0
TCGA-E2-A15O-01A-11R-A115-07,-0.22069069896969573,1
TCGA-V7-A7HQ-01A-11R-A33J-07,-4.6604650854683545,1
TCGA-C8-A12W-01A-11R-A115-07,0.5777595925818133,1
TCGA-A7-A3IY-01A-21R-A21T-07,0.6376577041878724,1
TCGA-A8-A08B-01A-11R-A00Z-07,0.23001538579641512,1
TCGA-5T-A9QA-01A-11R-A41B-07,-1.3627379891467664,1
TCGA-E2-A106-01A-11R-A10J-07,-1.6488640298814623,1
TCGA-E2-A1B6-01A-31R-A12P-07,0.13925569192381992,1
TCGA-AC-A2FF-01A-11R-A17B-07,0.9817885925471721,0
TCGA-EW-A1PA-01A-11R-A144-07,-0.2051963201485547,1
TCGA-D8-A27T-01A-11R-A16F-07,2.2079602415437876,1
TCGA-LD-A66U-01A-11R-A31O-07,-2.2112491710273385,1
TCGA-A8-A07Z-01A-11R-A00Z-07,-1.7588050677216636,1
TCGA-AR-A1AO-01A-11R-A12P-07,1.0950296073886294,1
TCGA-E2-A573-01A-11R-A29R-07,0.9440399596991185,1
TCGA-AC-A2FB-01A-11R-A17B-07,0.8752646076877904,1
TCGA-AN-A0G0-01A-11R-A034-07,0.13747594334468083,1
TCGA-BH-A0H5-01A-21R-A115-07,1.363796817948944,1
TCGA-A8-A07S-01A-11R-A034-07,1.3963368262863058,1
TCGA-E9-A3QA-01A-61R-A22K-07,0.12131584458502687,1
TCGA-A1-A0SI-01A-11R-A144-07,1.973696601248613,0
TCGA-A8-A09W-01A-11R-A00Z-07,-0.5240476267768566,1
TCGA-BH-A1F0-01A-11R-A137-07,1.0735905501208975,1
TCGA-A2-A0D2-01A-21R-A034-07,-0.6806381916368824,1
TCGA-OL-A5D8-01A-11R-A27Q-07,-0.8626894474985409,1
TCGA-BH-A18G-01A-11R-A12D-07,1.23916097072898,1
TCGA-A2-A0YI-01A-31R-A10J-07,0.5034539074588098,1
TCGA-A8-A0A4-01A-11R-A00Z-07,0.2647241424090101,1
TCGA-A7-A425-01A-11R-A24H-07,-1.5626345787756453,1
TCGA-E9-A22A-01A-11R-A157-07,1.5748063325038384,1
TCGA-A8-A08J-01A-11R-A00Z-07,1.5460125246303411,1
TCGA-A2-A3Y0-01A-11R-A239-07,-1.2648396845496492,0
TCGA-AC-A2BK-01A-11R-A21T-07,-1.3091489673740444,1
TCGA-B6-A0IN-01A-11R-A034-07,0.3905642100879252,0
TCGA-D8-A1JD-01A-11R-A13Q-07,1.448511466502291,0
TCGA-GM-A2DK-01A-21R-A180-07,-0.7670971087451246,1
TCGA-OL-A5RX-01A-11R-A28M-07,1.1656763719311432,1
TCGA-A8-A08Z-01A-21R-A00Z-07,1.1735609925132735,1
TCGA-A2-A0YD-01A-11R-A109-07,1.2169435069194892,1
TCGA-A7-A3J1-01A-11R-A213-07,-0.04753917521581208,1
TCGA-BH-A1FD-01A-11R-A13Q-07,0.13086498549240488,1
TCGA-A2-A0D1-01A-11R-A034-07,-1.2954809487409005,0
TCGA-BH-A0BL-01A-11R-A115-07,1.9184799457655233,1
TCGA-E2-A1IH-01A-11R-A13Q-07,-0.11868045841830721,1
TCGA-AR-A0TU-01A-31R-A109-07,-1.36562230915432,1
TCGA-AC-A2FG-01A-11R-A17B-07,1.5804287205201915,1
TCGA-GM-A4E0-01A-12R-A266-07,-1.8445657634930779,0
TCGA-AC-A3W7-01A-11R-A22K-07,-0.067151080966533,1
TCGA-A8-A083-01A-21R-A00Z-07,-0.29294604009857306,1
TCGA-A2-A0EN-01A-13R-A084-07,1.2857655813885982,1
TCGA-D8-A1Y0-01A-11R-A14M-07,0.4114291104491743,0
TCGA-AR-A1AK-01A-21R-A12P-07,1.2110565088902128,1
TCGA-AC-A7VC-01A-11R-A352-07,-1.192075878549824,1
TCGA-A7-A0CJ-01A-21R-A00Z-07,-0.4514542800614665,1
TCGA-AO-A03U-01B-21R-A10J-07,-0.2422136618865185,1
TCGA-E2-A2P5-01A-11R-A19W-07,-1.3301545506388877,1
TCGA-E2-A15S-01A-11R-A115-07,-1.2512928911167434,1
TCGA-A1-A0SJ-01A-11R-A084-07,-0.3904924132185119,0
TCGA-A2-A04N-01A-11R-A115-07,1.9161116760202832,1
TCGA-B6-A401-01A-11R-A239-07,-0.9426393322284827,0
TCGA-D8-A1JU-01A-11R-A13Q-07,0.7276849485332999,1
TCGA-B6-A40B-01A-11R-A239-07,-0.22372955415313456,1
TCGA-LD-A9QF-01A-32R-A41B-07,0.31228022394902055,0
TCGA-AO-A03T-01A-21R-A034-07,-1.710465970643698,0
TCGA-E9-A3Q9-01A-11R-A21T-07,-0.17205418618088597,0
TCGA-D8-A1JP-01A-11R-A13Q-07,0.1057302149650674,1
TCGA-BH-A18I-01A-11R-A12D-07,1.4511095938915606,1
TCGA-BH-A28Q-01A-11R-A16F-07,1.0927989719593967,1
TCGA-EW-A1OW-01A-21R-A144-07,1.432611177442059,1
TCGA-BH-A18R-01A-11R-A12D-07,0.014355346479668185,1
TCGA-AO-A0J8-01A-21R-A034-07,1.0878161786964107,0
TCGA-AC-A3BB-01A-21R-A19W-07,0.5031048724587279,0
TCGA-E9-A247-01A-11R-A169-07,-1.1711105444861767,1
TCGA-D8-A73U-01A-11R-A33J-07,-0.7919770683842557,0
TCGA-BH-A18V-01A-11R-A12D-07,-0.1938018542578721,1
TCGA-BH-A0C1-01B-11R-A12D-07,0.7324069513204163,0
TCGA-AC-A3W6-01A-12R-A22K-07,-0.06751548002782304,1
TCGA-BH-A1FR-01A-11R-A13Q-07,0.13569146588031789,1
TCGA-A2-A1G0-01A-11R-A13Q-07,0.10529905255978633,0
TCGA-BH-A0DQ-01A-11R-A084-07,1.7999599868623797,1
TCGA-A2-A0ER-01A-21R-A034-07,-0.6216305417541292,1
TCGA-D8-A27P-01A-11R-A16F-07,1.5090712506027861,1
TCGA-B6-A1KN-01A-11R-A13Q-07,0.50488921731435,1
TCGA-E9-A228-01A-31R-A157-07,-0.12784452522961498,1
TCGA-BH-A0B2-01A-11R-A10J-07,1.661904932571927,1
TCGA-B6-A0X4-01A-11R-A109-07,-1.123933772746808,0
TCGA-BH-A1EY-01A-11R-A13Q-07,0.1100684095311415,1
TCGA-BH-A0HX-01A-21R-A056-07,0.9280707091017693,1
TCGA-A8-A094-01A-11R-A00Z-07,0.34648380504339116,1
TCGA-AO-A1KR-01A-12R-A144-07,-2.098157478144831,0
TCGA-A2-A0CV-01A-31R-A115-07,1.1438796988833007,1
TCGA-A8-A076-01A-21R-A00Z-07,1.3514831060869597,1
TCGA-E9-A1RE-01A-11R-A157-07,-0.27763503566248016,1
TCGA-S3-A6ZG-01A-22R-A32P-07,-0.11220638033327202,1
TCGA-A8-A06Z-01A-11R-A00Z-07,-0.471851574915763,1
TCGA-BH-A8FZ-01A-11R-A352-07,0.6763522663850008,1
TCGA-LL-A440-01A-11R-A24H-07,-0.7149430012605507,1
TCGA-E9-A249-01A-11R-A169-07,1.0166827545544415,1
TCGA-PL-A8LX-01A-11R-A41B-07,-2.126762606676829,1
TCGA-E2-A1L8-01A-11R-A13Q-07,-0.28944092519302433,1
TCGA-EW-A6SD-01A-12R-A33J-07,0.5248469444057102,1
TCGA-AO-A0JL-01A-11R-A056-07,-0.8260346168891246,1
TCGA-MS-A51U-01A-31R-A266-07,0.854683829219411,1
TCGA-BH-A0E7-01A-11R-A034-07,-0.08154697964886637,1
TCGA-E9-A22G-01A-11R-A157-07,-1.5374422503251601,1
TCGA-A8-A08R-01A-11R-A034-07,0.07742705334153577,1
TCGA-A2-A4S1-01A-21R-A266-07,-0.9426604995167391,1
TCGA-E2-A1II-01A-11R-A144-07,-0.39112718911136213,1
TCGA-A7-A3J0-01A-11R-A213-07,0.1693641051090653,0
TCGA-BH-A0B8-01A-21R-A056-07,-0.21810705259335084,0
TCGA-AR-A24L-01A-11R-A169-07,-0.7923973898664505,1
TCGA-EW-A1J3-01A-11R-A13Q-07,-1.487431475364426,1
TCGA-AR-A5QM-01A-11R-A27Q-07,0.35065561881618557,1
TCGA-AO-A1KS-01A-11R-A13Q-07,-2.9715161840053748,1
TCGA-D8-A1JI-01A-11R-A13Q-07,-0.56177330891511,1
TCGA-A8-A09N-01A-11R-A00Z-07,0.10429092089772496,1
TCGA-BH-A203-01A-12R-A169-07,0.3466550449328647,1
TCGA-AR-A2LQ-01A-22R-A18M-07,1.0542444919251226,1
TCGA-AR-A251-01A-12R-A169-07,-1.1367673642170129,1
TCGA-BH-A18J-01A-11R-A12D-07,0.7950577147095856,1
TCGA-D8-A1XM-01A-21R-A14M-07,1.4217890830721354,1
TCGA-BH-A0HA-01A-11R-A12P-07,-0.14945965155282437,1
TCGA-AR-A0U2-01A-11R-A109-07,-1.1744629675450957,1
TCGA-E2-A1B1-01A-21R-A12P-07,-0.6853318617365023,1
TCGA-AC-A62X-01A-11R-A29R-07,-0.5946967863875212,0
TCGA-A7-A5ZW-01A-12R-A29R-07,1.9823344285817752,1
TCGA-BH-A28O-01A-11R-A22K-07,-0.022549038720112158,1
TCGA-D8-A1XQ-01A-11R-A14M-07,0.3145965019689374,0
TCGA-E9-A248-01A-11R-A169-07,-0.39485639256623273,1
TCGA-A8-A07E-01A-11R-A034-07,1.1849961109335831,1
TCGA-AC-A23E-01A-11R-A157-07,0.9406667299008076,1
TCGA-E9-A1N4-01A-11R-A14M-07,-0.05603547695205435,1
TCGA-E2-A15H-01A-11R-A12D-07,0.5524636100984237,0
TCGA-E2-A1IJ-01A-11R-A144-07,1.826622683303584,1
TCGA-D8-A1XR-01A-11R-A14M-07,0.9694266362899926,1
TCGA-A8-A075-01A-11R-A084-07,1.5288335622690417,1
TCGA-A8-A06U-01A-11R-A00Z-07,-0.6604822926788279,0
TCGA-B6-A0X7-01A-11R-A10J-07,1.2015668827886774,1
TCGA-AQ-A04J-01A-02R-A034-07,1.3582712699186628,1
TCGA-A2-A0CQ-01A-21R-A034-07,-1.0829308772540474,1
TCGA-A8-A07F-01A-11R-A00Z-07,-0.08671197616150383,1
TCGA-A8-A082-01A-11R-A00Z-07,0.536854831598907,1
TCGA-AN-A0XT-01A-11R-A109-07,-1.2281250583949435,1
TCGA-AR-A24X-01A-11R-A169-07,0.5193815354854276,0
TCGA-A2-A04Y-01A-21R-A034-07,1.2080887211846916,1
TCGA-A2-A1G4-01A-11R-A13Q-07,0.16942931339301648,1
TCGA-B6-A0IE-01A-11R-A034-07,-2.3306987947266737,1
TCGA-A8-A079-01A-21R-A00Z-07,-0.20075365799566747,1
TCGA-E2-A15E-01A-11R-A12D-07,1.2305710266769143,1
TCGA-E9-A1R3-01A-31R-A14M-07,0.43358948699723765,1
TCGA-AR-A0TT-01A-31R-A084-07,1.8059673180686593,0
TCGA-S3-AA0Z-01A-11R-A41B-07,-0.19516013130578358,1
TCGA-BH-A0E1-01A-11R-A056-07,0.7961864620425159,1
TCGA-AC-A23G-01A-11R-A213-07,0.4924799046336057,1
TCGA-GM-A3XG-01A-31R-A24H-07,-0.921304262903889,1
TCGA-AR-A1AM-01A-41R-A22K-07,1.14539353555387,0
TCGA-E9-A1N5-01A-11R-A14D-07,1.3255562593550376,1
TCGA-A2-A3XX-01A-21R-A239-07,0.21706108167611582,1
TCGA-BH-A0BQ-01A-21R-A115-07,1.3464044863264073,1
TCGA-EW-A1P7-01A-21R-A144-07,-0.43747745915903646,1
TCGA-BH-A5IZ-01A-11R-A27Q-07,-0.4364479788315556,1
TCGA-D8-A1X7-01A-11R-A14M-07,0.46000202326617234,0
TCGA-BH-A0DP-01A-21R-A056-07,1.6325641329050384,1
TCGA-AC-A7VB-01A-11R-A352-07,-1.0402512998780145,0
TCGA-A2-A0ST-01A-12R-A084-07,2.250822045288026,1
TCGA-A2-A0ES-01A-11R-A115-07,0.4767187790757301,1
TCGA-BH-A0DT-01A-21R-A12D-07,2.109199372668841,1
TCGA-AN-A0AR-01A-11R-A00Z-07,-0.9715563802787788,1
TCGA-A2-A0YJ-01A-11R-A109-07,-1.207054778360396,0
TCGA-D8-A4Z1-01A-21R-A266-07,0.6475933771129165,0
TCGA-AO-A0JC-01A-11R-A056-07,-2.3162222045166274,1
TCGA-A2-A04Q-01A-21R-A034-07,1.8063611437799816,0
TCGA-GM-A2DF-01A-11R-A180-07,0.5490109808826293,1
TCGA-GM-A2DI-01A-31R-A18M-07,0.7179853135540784,1
TCGA-LL-A5YO-01A-21R-A28M-07,-0.3404809765602934,0
TCGA-EW-A3E8-01B-11R-A24H-07,-0.3168999094800622,0
TCGA-BH-A0E9-01B-11R-A115-07,0.875270360343289,1
TCGA-AR-A1AH-01A-11R-A12D-07,-0.7438844578285746,1
TCGA-E2-A10A-01A-21R-A115-07,0.31448153417022695,1
TCGA-C8-A1HF-01A-11R-A137-07,0.4229364954953425,1
TCGA-A7-A13H-01A-11R-A22K-07,0.0875815010206713,1
TCGA-A7-A13F-01A-11R-A12P-07,0.16782276683739106,1
TCGA-D8-A1XV-01A-11R-A14M-07,-1.3555247019830858,0
TCGA-E2-A574-01A-11R-A29R-07,-1.698651678697221,1
TCGA-GM-A5PV-01A-11R-A28M-07,-0.003885246370098905,1
TCGA-EW-A1PB-01A-11R-A144-07,-0.47287666527647865,0
TCGA-E2-A1IO-01A-11R-A144-07,0.5788036497366207,1
TCGA-B6-A0RH-01A-21R-A115-07,0.5569371543436716,1
TCGA-BH-A0B7-01A-12R-A115-07,1.8039400732478894,1
TCGA-C8-A137-01A-11R-A115-07,-0.5653121299907937,0
TCGA-LL-A8F5-01A-11R-A36F-07,-0.8197651610497019,1
TCGA-AQ-A0Y5-01A-11R-A14M-07,-0.6365442528373295,1
TCGA-D8-A13Z-01A-11R-A115-07,0.26713992237395967,0
TCGA-A2-A4RX-01A-11R-A266-07,1.2532065170032611,1
TCGA-AR-A24U-01A-11R-A169-07,0.07254781398377652,1
TCGA-E2-A105-01A-11R-A10J-07,-0.6078888983212227,1
TCGA-C8-A1HN-01A-11R-A137-07,-0.1448017163793187,1
TCGA-BH-A18S-01A-11R-A12D-07,-0.2814344071301438,1
TCGA-E2-A14Q-01A-11R-A12D-07,1.2693825426548608,1
TCGA-A7-A0DA-01A-31R-A115-07,0.6101224601139101,1
TCGA-EW-A1P4-01A-21R-A144-07,0.0029950963866731684,1
TCGA-A8-A081-01A-11R-A00Z-07,0.45599751396840116,1
TCGA-BH-A0E0-01A-11R-A056-07,-0.691626363810455,1
TCGA-OL-A66N-01A-12R-A31O-07,-2.7355545357693156,0
TCGA-E2-A2P6-01A-11R-A19W-07,-1.4112328392992444,0
TCGA-BH-A0DK-01A-21R-A056-07,0.8378610601327097,1
TCGA-E9-A5UO-01A-11R-A28M-07,-1.089758695085858,1
TCGA-D8-A1JC-01A-11R-A13Q-07,1.3036207033975566,1
TCGA-C8-A134-01A-11R-A115-07,0.22797454805549933,1
TCGA-A2-A3XT-01A-11R-A22U-07,-0.27508926432390446,1
TCGA-AR-A256-01A-11R-A169-07,-0.7723301665008862,1
TCGA-D8-A1JL-01A-11R-A13Q-07,0.698823198352617,1
TCGA-E9-A24A-01A-11R-A169-07,0.05484514915405381,1
TCGA-A2-A3XZ-01A-42R-A239-07,0.525956544769687,1
TCGA-BH-A0BF-01A-21R-A12P-07,2.3328703749186745,1
TCGA-D8-A27F-01A-11R-A16F-07,-0.9073493128372334,1
TCGA-A2-A0CY-01A-12R-A034-07,-2.161744880949393,1
TCGA-D8-A27E-01A-11R-A16F-07,-0.8299235567011927,0
TCGA-A2-A0EP-01A-52R-A22U-07,-0.8863774647875262,1
TCGA-GI-A2C8-01A-11R-A16F-07,-0.03757154700342369,1
TCGA-A8-A099-01A-11R-A00Z-07,-1.244923134702412,0
TCGA-A2-A04U-01A-11R-A115-07,-2.191516149537451,1
TCGA-BH-A0HP-01A-12R-A084-07,1.3520498861597527,1
TCGA-EW-A2FV-01A-11R-A17B-07,0.8638081303133607,1
TCGA-A2-A0CR-01A-11R-A22K-07,-3.5050810688644063,1
TCGA-BH-A0DS-01A-11R-A056-07,0.8431896945666031,1
TCGA-D8-A1XC-01A-11R-A14D-07,-0.8887555563551954,1
TCGA-E2-A14O-01A-31R-A115-07,-1.9821257750458452,1
TCGA-A1-A0SF-01A-11R-A144-07,1.502246384743474,1
TCGA-A8-A06X-01A-21R-A00Z-07,0.047115824858916966,1
TCGA-BH-A0HI-01A-11R-A084-07,1.919067275309465,1
TCGA-E2-A14U-01A-11R-A22K-07,0.04579255609158395,1
TCGA-E2-A15A-01A-11R-A12D-07,1.4931375131816944,0
TCGA-A2-A1G6-01A-11R-A13Q-07,-0.014825921372909612,1
TCGA-B6-A1KC-01B-11R-A157-07,-1.6333597792409966,1
TCGA-OL-A5RZ-01A-11R-A28M-07,-2.3272871265375787,1
TCGA-A8-A07I-01A-11R-A00Z-07,0.6335193532401933,0
TCGA-A2-A0T0-01A-22R-A084-07,0.09221347040703343,1
TCGA-BH-A42V-01A-11R-A24H-07,0.7147522078173187,1
TCGA-GM-A3XN-01A-12R-A22U-07,0.14114776814108243,1
TCGA-D8-A3Z6-01A-11R-A239-07,0.18163426495623458,1
TCGA-B6-A0IQ-01A-11R-A034-07,-0.7497497876500283,1
TCGA-A8-A095-01A-11R-A00Z-07,2.2162397315782574,1
TCGA-AO-A125-01A-11R-A10J-07,-1.9416094873478649,1
TCGA-EW-A6SA-01A-21R-A32P-07,-1.4750845282524674,0
TCGA-BH-A0DD-01A-31R-A12P-07,0.5186845768772681,1
TCGA-AO-A0J3-01A-11R-A034-07,-1.2347666131681487,0
TCGA-A2-A3XS-01A-11R-A22U-07,1.067258718769323,0
TCGA-AC-A8OR-01A-21R-A41B-07,-0.5576974383415338,1
TCGA-BH-A0HK-01A-11R-A056-07,0.31737899103202505,1
TCGA-E2-A1IG-01A-11R-A144-07,0.8113988342333922,1
TCGA-AO-A12B-01A-11R-A10J-07,-1.8463505178247708,1
TCGA-EW-A1J5-01A-11R-A13Q-07,0.1933220868638834,1
TCGA-C8-A12Q-01A-11R-A115-07,0.7611758333910368,1
TCGA-A2-A0EQ-01A-11R-A034-07,0.6592296601760577,0
TCGA-GM-A3XL-01A-11R-A22U-07,-0.8774164172988801,1
TCGA-BH-A1EU-01A-11R-A137-07,-1.1286079457483158,1
TCGA-BH-A0RX-01A-21R-A084-07,1.0325059688008338,1
TCGA-E9-A1RF-01A-11R-A157-07,0.6508053467433834,1
TCGA-AC-A2QI-01A-12R-A19W-07,1.2456267182036482,1
TCGA-A8-A090-01A-11R-A00Z-07,0.09649724809764848,0
TCGA-AR-A5QQ-01A-11R-A28M-07,-0.5976010299679206,1
TCGA-XX-A899-01A-11R-A36F-07,1.0856406014992332,1
TCGA-E2-A156-01A-11R-A12D-07,0.08053757896665736,1
TCGA-AN-A04C-01A-21R-A034-07,-0.6511854055510149,0
TCGA-AN-A0AT-01A-11R-A034-07,0.03375585019665017,1
TCGA-UL-AAZ6-01A-11R-A41B-07,-2.388277731410012,1
TCGA-D8-A1X9-01A-12R-A157-07,-0.3599083772750502,1
TCGA-E9-A22E-01A-11R-A157-07,1.2092075047355024,1
TCGA-BH-A1FB-01A-11R-A13Q-07,0.5238529376790924,1
TCGA-C8-A8HR-01A-11R-A36F-07,1.2829783290257595,1
TCGA-EW-A2FR-01A-11R-A21T-07,1.9402614152149766,1
TCGA-AN-A0AJ-01A-11R-A00Z-07,-0.1790482429898459,1
TCGA-LD-A7W6-01A-81R-A352-07,1.2402885181750083,1
TCGA-BH-A0B6-01A-11R-A19W-07,-0.7450375113225078,1
TCGA-AR-A252-01A-11R-A169-07,-0.8960910196618634,1
TCGA-AR-A254-01A-21R-A169-07,0.6815802061077569,1
TCGA-AO-A03P-01A-11R-A00Z-07,0.5810513877407422,1
TCGA-A8-A07O-01A-11R-A00Z-07,-1.3608461136672982,0
TCGA-EW-A1PE-01A-11R-A144-07,0.8714033948622779,0
TCGA-AR-A2LL-01A-11R-A180-07,1.5845752002041156,1
TCGA-A7-A26H-01A-11R-A169-07,0.9317928045391985,1
TCGA-C8-A26Z-01A-11R-A16F-07,-0.4849942880352289,1
TCGA-AO-A0J9-01A-11R-A034-07,-0.8801689587843722,1
TCGA-EW-A1PF-01A-11R-A144-07,0.8784428407873017,1
TCGA-A2-A25F-01A-11R-A169-07,0.6448993083553827,1
TCGA-D8-A73W-01A-22R-A352-07,0.23518821052955374,1
TCGA-AR-A2LJ-01A-12R-A19W-07,-1.8909721437728102,0
TCGA-A8-A07C-01A-11R-A034-07,-1.348574747983772,1
TCGA-E9-A245-01A-22R-A16F-07,0.13897653892602246,0
TCGA-B6-A408-01A-12R-A24H-07,-0.9889037555925819,0
TCGA-AR-A255-01A-11R-A169-07,1.0628179436529699,0
TCGA-E2-A1L6-01A-11R-A13Q-07,1.7887630108929686,0
TCGA-E9-A295-01A-11R-A16F-07,0.807200979825808,1
TCGA-BH-A1FE-01A-11R-A13Q-07,-0.2969990109708238,0
TCGA-BH-A1FM-01A-11R-A13Q-07,-3.4412952671151116,0
TCGA-OL-A5RU-01A-11R-A28M-07,0.4704436253148039,1
TCGA-C8-A1HO-01A-11R-A13Q-07,-1.570879161748632,0
TCGA-GM-A2DO-01A-11R-A18M-07,-0.6692647612076454,0
TCGA-AN-A0FZ-01A-11R-A034-07,-0.8148315607243708,1
TCGA-D8-A1JN-01A-11R-A13Q-07,-1.9766956688244477,1
TCGA-OL-A6VO-01A-12R-A33J-07,-0.1791076183751592,0
TCGA-AN-A0FV-01A-11R-A00Z-07,0.2635670429070096,1
TCGA-D8-A1J9-01A-11R-A13Q-07,0.5743048700337914,1
TCGA-B6-A0IB-01A-11R-A034-07,-0.45831571579161423,1
TCGA-A8-A06R-01A-11R-A00Z-07,-0.10805660987052512,0
TCGA-AR-A24H-01A-11R-A169-07,-1.2284333834039236,1
TCGA-E2-A109-01A-11R-A10J-07,0.33880218397558703,1
TCGA-AR-A5QN-01A-12R-A28M-07,1.5700665169087173,1
TCGA-A2-A0EX-01A-21R-A034-07,1.5720822894951327,1
TCGA-C8-A12N-01A-11R-A115-07,1.4810354263705472,1
TCGA-A2-A259-01A-11R-A16F-07,0.3753540788849863,1
TCGA-AO-A12A-01A-21R-A115-07,1.9607171007013537,0
TCGA-A7-A3RF-01A-11R-A22K-07,-2.3122875317333325,1
TCGA-AN-A0FS-01A-11R-A034-07,1.5584286691452816,1
TCGA-C8-A26W-01A-11R-A16F-07,1.5227633710045705,1
TCGA-E9-A1RC-01A-11R-A157-07,-0.6679168732088065,1
TCGA-E2-A1B0-01A-11R-A12P-07,0.27663828382460665,1
TCGA-AO-A126-01A-11R-A10J-07,-1.4155940488218892,1
TCGA-AC-A4ZE-01A-11R-A41B-07,-0.792715428696031,0
TCGA-E9-A229-01A-31R-A157-07,1.8032101045159115,1
TCGA-EW-A1P1-01A-31R-A14D-07,0.6564494535088574,0
TCGA-BH-AB28-01A-31R-A41B-07,0.8303876457726611,1
TCGA-A8-A08P-01A-11R-A00Z-07,1.7035451105058979,0
TCGA-EW-A1IX-01A-12R-A144-07,0.6177491345622705,0
TCGA-LL-A73Z-01A-11R-A32P-07,1.0005877033276995,0
TCGA-E9-A1R7-01A-11R-A14M-07,-2.4060259437351244,1
TCGA-BH-A1F2-01A-31R-A13Q-07,-1.3680544338798102,0
TCGA-A8-A0A6-01A-12R-A056-07,1.2572616259403526,1
TCGA-A1-A0SE-01A-11R-A084-07,2.1600232539102473,1
TCGA-E9-A1NG-01A-21R-A14M-07,0.7976851964516252,1
TCGA-B6-A1KF-01A-11R-A13Q-07,-0.7517430775456493,1
TCGA-BH-A0EE-01A-11R-A034-07,-1.9633302752124813,1
TCGA-BH-A0BD-01A-11R-A034-07,1.9493893257500003,1
TCGA-OL-A5RY-01A-21R-A28M-07,0.21621581823421998,1
TCGA-E9-A1RD-01A-11R-A157-07,0.8728845345303267,1
TCGA-AR-A24K-01A-11R-A169-07,-0.6365839575511094,1
TCGA-BH-A0BP-01A-11R-A115-07,0.22130068578695195,1
TCGA-C8-A130-01A-31R-A115-07,0.7127365381377624,1
TCGA-B6-A0RG-01A-11R-A056-07,-0.41399528453371115,1
TCGA-E9-A1NA-01A-11R-A144-07,0.39583219847813567,1
TCGA-A8-A0A2-01A-11R-A034-07,-0.15540541030282196,0
TCGA-E2-A14V-01A-11R-A12D-07,1.4464789717773234,0
TCGA-E2-A1LL-01A-11R-A144-07,-0.5440342205968811,1
TCGA-AR-A24M-01A-11R-A169-07,-0.7134072793878659,1
TCGA-A8-A0AB-01A-11R-A034-07,-1.0275810744575535,1
TCGA-C8-A1HL-01A-11R-A137-07,0.024619835011106872,1
TCGA-OL-A66P-01A-11R-A31O-07,-3.356227437111066,0
TCGA-OL-A66K-01A-11R-A29R-07,-0.0032187284634659363,1
TCGA-BH-A0HF-01A-11R-A056-07,1.7516965662515585,1
TCGA-AN-A03X-01A-21R-A00Z-07,0.08159079245664813,1
TCGA-A2-A1FV-01A-11R-A13Q-07,-2.918522156162622,1
TCGA-E9-A3HO-01A-11R-A213-07,-1.536327296553984,1
TCGA-A2-A0YE-01A-11R-A109-07,0.12689266168154845,1
TCGA-A1-A0SP-01A-11R-A084-07,0.2005610453169897,1
TCGA-AO-A0J7-01A-11R-A034-07,-0.37385479565897395,1
TCGA-C8-A3M7-01A-12R-A21T-07,-0.09919151260352699,1
TCGA-A2-A0YG-01A-21R-A109-07,-0.25205680166741384,1
TCGA-E2-A14Y-01A-21R-A12D-07,-0.2465063724410097,1
TCGA-EW-A424-01A-11R-A24H-07,-0.27484475072735925,1
TCGA-D8-A141-01A-11R-A115-07,1.5817677978574132,1
TCGA-C8-A1HJ-01A-11R-A13Q-07,-1.7391821296872365,1
TCGA-C8-A12O-01A-11R-A115-07,0.6946456866053214,0
TCGA-LL-A442-01A-11R-A24H-07,-0.5488298260434963,1
TCGA-C8-A12Z-01A-11R-A115-07,-0.31153590361565975,1
TCGA-EW-A1OX-01A-11R-A144-07,-0.6181327402948993,0
TCGA-E9-A1RG-01A-11R-A14D-07,-1.7016967837389663,1
TCGA-AQ-A1H2-01A-11R-A13Q-07,-0.7612663631814254,0
TCGA-AR-A24Q-01A-12R-A169-07,0.9462477706797792,1
TCGA-A8-A09K-01A-11R-A00Z-07,-1.4369408175546354,1
TCGA-BH-A0W7-01A-11R-A115-07,1.2410304931315936,1
TCGA-BH-A0H0-01A-11R-A056-07,-0.7533988349326384,0
TCGA-AO-A0JD-01A-11R-A056-07,-1.2672664835807792,1
TCGA-A2-A4RW-01A-21R-A266-07,0.5655517150608436,1
TCGA-C8-A12U-01A-11R-A115-07,-1.3138261628431342,1
TCGA-C8-A12V-01A-11R-A115-07,1.3489701909569751,1
TCGA-E9-A1NC-01A-21R-A26B-07,1.2626273030547956,1
TCGA-AO-A12G-01A-11R-A10J-07,0.5354378915924958,0
TCGA-S3-AA11-01A-31R-A41B-07,0.48121755399360744,1
TCGA-BH-A0HQ-01A-11R-A034-07,1.9131242233224732,1
TCGA-AO-A03L-01A-41R-A056-07,-0.1971838854582888,1
TCGA-C8-A1HM-01A-12R-A137-07,-0.6871066052509844,1
TCGA-D8-A146-01A-31R-A115-07,1.4639398583970538,0
TCGA-A2-A0EV-01A-11R-A034-07,1.5439894638688036,1
TCGA-E2-A154-01A-11R-A115-07,1.2933663962575581,1
TCGA-E2-A1LE-01A-12R-A19W-07,0.19119531304509607,1
TCGA-E9-A1R5-01A-11R-A14M-07,-0.06490606979285651,1
TCGA-AC-A3EH-01A-22R-A22K-07,-0.6651339570457395,1
TCGA-C8-A12Y-01A-11R-A12D-07,-1.5520596114440899,1
TCGA-BH-A0E2-01A-11R-A056-07,0.5270059526177917,0
TCGA-D8-A1XG-01A-11R-A14D-07,-0.14183252818512315,1
TCGA-OL-A5DA-01A-11R-A27Q-07,-0.12244079324951329,1
TCGA-AC-A3HN-01A-11R-A213-07,1.9115649102046426,1
TCGA-B6-A0RP-01A-21R-A084-07,1.4211779662258337,1
TCGA-3C-AALI-01A-11R-A41B-07,-0.42084410313978005,1
TCGA-D8-A1Y2-01A-11R-A157-07,1.741869252605853,0
TCGA-S3-AA15-01A-11R-A41B-07,1.2766947639190898,1
TCGA-BH-A0W5-01A-11R-A109-07,2.002225177203374,1
TCGA-A8-A097-01A-11R-A034-07,-0.1284002933629127,1
TCGA-AO-A12D-01A-11R-A115-07,0.9517306757265782,1
TCGA-AN-A04A-01A-21R-A034-07,0.0338341342768711,1
TCGA-E2-A1B4-01A-11R-A12P-07,-1.0058284052505702,1
TCGA-A8-A09R-01A-11R-A00Z-07,1.5236298327146338,1
TCGA-XX-A89A-01A-11R-A36F-07,0.01970215482618265,1
TCGA-AR-A24O-01A-11R-A169-07,0.4721922795658635,1
TCGA-E2-A1LG-01A-21R-A14M-07,-1.118033011078177,1
TCGA-AC-A8OS-01A-12R-A41B-07,-0.5796841601718885,1
TCGA-HN-A2NL-01A-11R-A18M-07,-1.1781626254978956,0
TCGA-E9-A1N6-01A-11R-A144-07,1.269036389736435,0
TCGA-E2-A10C-01A-21R-A10J-07,-0.8384895081701549,1
TCGA-BH-A0AU-01A-11R-A12P-07,1.216322230116936,0
TCGA-A2-A0EW-01A-21R-A115-07,1.1847582423534009,1
TCGA-A8-A07B-01A-11R-A00Z-07,-1.528987984280878,1
TCGA-E2-A15K-01A-11R-A12P-07,1.4908718202535978,1
TCGA-EW-A6S9-01A-22R-A33J-07,0.5972034366676597,0
TCGA-AC-A3W5-01A-11R-A22K-07,1.0697215875693642,1
TCGA-BH-A0AV-01A-31R-A115-07,0.3281733707061356,1
TCGA-A2-A0T7-01A-21R-A084-07,1.411081431615668,0
TCGA-AO-A03V-01A-11R-A115-07,-0.08818784361948762,1
TCGA-BH-A0DZ-01A-11R-A00Z-07,-0.8695177906532363,1
TCGA-AN-A041-01A-11R-A034-07,-0.0032635646034036014,0
TCGA-B6-A0I5-01A-11R-A034-07,-1.7791486662744678,1
TCGA-BH-A0BM-01A-11R-A056-07,-0.019934015404913907,1
TCGA-BH-A0GZ-01A-11R-A056-07,0.2287716265240336,1
TCGA-LL-A5YN-01A-11R-A28M-07,-2.893834579326045,1
TCGA-B6-A0RM-01A-11R-A084-07,-0.4074225226165149,0
TCGA-A2-A4S3-01A-21R-A266-07,-0.6104002613688744,1
TCGA-BH-A201-01A-11R-A14M-07,0.7742244094137032,1
TCGA-A2-A0SV-01A-11R-A084-07,0.24807380013330604,0
TCGA-A8-A07L-01A-11R-A00Z-07,0.074570390922295,1
TCGA-AR-A2LN-01A-21R-A18M-07,-0.012211302068640961,0
TCGA-C8-A278-01A-11R-A169-07,0.2599381269590131,1
TCGA-A2-A0CM-01A-31R-A034-07,0.9925418562411963,1
TCGA-C8-A1HE-01A-11R-A13Q-07,0.7973893116661399,1
TCGA-LL-A7T0-01A-31R-A352-07,-1.1007899940455195,0
TCGA-B6-A0WT-01A-11R-A109-07,0.9846548704625055,1
TCGA-OL-A5D6-01A-21R-A27Q-07,-0.5568191703013055,1
TCGA-E2-A14S-01A-11R-A12D-07,0.6509171182957463,0
TCGA-AQ-A1H3-01A-31R-A13Q-07,1.467739977118149,1
TCGA-BH-A1F8-01A-11R-A13Q-07,-2.696171821748366,1
TCGA-A8-A0AD-01A-11R-A056-07,0.23409517080564424,1
TCGA-GM-A2DA-01A-11R-A18M-07,-1.1724387894761268,1
TCGA-A2-A0T5-01A-21R-A084-07,1.5348492229862627,1
TCGA-A8-A09M-01A-11R-A00Z-07,1.6058860435825189,1
TCGA-B6-A0X1-01A-11R-A109-07,-0.21980265343662886,0
TCGA-AN-A0XU-01A-11R-A109-07,0.23571460084971818,1
TCGA-BH-A1EV-01A-11R-A137-07,0.5853847255405711,1
TCGA-EW-A1OZ-01A-11R-A144-07,0.2840995933218027,1
TCGA-C8-A12X-01A-11R-A115-07,-1.5806745127748663,1
TCGA-JL-A3YX-01A-11R-A22U-07,-0.4235079576945626,1
TCGA-OL-A5D7-01A-11R-A27Q-07,-1.9325000183401766,1
TCGA-E2-A1IK-01A-11R-A144-07,-0.4529990980229286,0
TCGA-A2-A0CW-01A-21R-A115-07,-0.4675767600001839,0
TCGA-A2-A0ET-01A-31R-A034-07,-1.7128243676205344,1
TCGA-B6-A400-01A-11R-A239-07,0.8003336059579418,1
